Workbook

Sheet Tests
A1: Class | B1: Property | C1: Lexicon_p0 | D1: Experimental_phat | E1: Raw_successes | F1: n_case | G1: Z | H1: p_value_2s | I1: CI_low(Wilson) | J1: CI_high(Wilson) | K1: Signif_0.05 | L1: ICC_Neff_rho | M1: ICC_Z | N1: ICC_p_value_2s | O1: ICC_Signif_0.05 | P1: ICC_CI_low (Wilson) | Q1: ICC_CI_high(Wilson)
A2: aF | B2: APU | C2: 0.15449915 | D2: 0.17647059 | E2: 27 | F2: 153 | G2: =(D2-C2)/SQRT(C2*(1-C2)/F2) -> 0.75194159 | H2: =2*(1-_xlfn.NORM.S.DIST(ABS(G2),TRUE)) -> 0.45208618 | I2: =(D2+1.96^2/(2*F2)-1.96*SQRT(D2*(1-D2)/F2+1.96^2/(4*F2^2)))/(1+1.96^2/F2) -> 0.12420854 | J2: =(D2 + 1.96^2/(2*F2) + 1.96*SQRT(D2*(1-D2)/F2 + 1.96^2/(4*F2^2)))/(1 + 1.96^2/F2) -> 0.24458137 | K2: =IF(H2<0.05,"Yes","No") -> No | L2: =(Params!$B$2*Params!$C$2)/(1+(Params!$C$2-1)*Params!$A$2) -> 58.846154 | M2: =(D2-C2)/SQRT(C2*(1-C2)/L2) -> 0.46633438 | N2: =2*(1-_xlfn.NORM.S.DIST(ABS(M2),TRUE)) -> 0.64097617 | O2: =IF(N2<0.05,"Yes","No") -> No | P2: =(D2 + 1.96^2/(2*L2) - 1.96*SQRT(D2*(1-D2)/L2 + 1.96^2/(4*L2^2)))/(1 + 1.96^2/L2) -> 0.099865387 | Q2: =(D2 + 1.96^2/(2*L2) + 1.96*SQRT(D2*(1-D2)/L2 + 1.96^2/(4*L2^2)))/(1 + 1.96^2/L2) -> 0.29272853
A3: aF | B3: PU | C3: 0.69439728 | D3: 0.80392157 | E3: 123 | F3: 153 | G3: =(D3-C3)/SQRT(C3*(1-C3)/F3) -> 2.9408544 | H3: =2*(1-_xlfn.NORM.S.DIST(ABS(G3),TRUE)) -> 0.0032730829 | I3: =(D3+1.96^2/(2*F3)-1.96*SQRT(D3*(1-D3)/F3+1.96^2/(4*F3^2)))/(1+1.96^2/F3) -> 0.73389659 | J3: =(D3 + 1.96^2/(2*F3) + 1.96*SQRT(D3*(1-D3)/F3 + 1.96^2/(4*F3^2)))/(1 + 1.96^2/F3) -> 0.85905834 | K3: =IF(H3<0.05,"Yes","No") -> Yes | L3: =(Params!$B$2*Params!$C$2)/(1+(Params!$C$2-1)*Params!$A$2) -> 58.846154 | M3: =(D3-C3)/SQRT(C3*(1-C3)/L3) -> 1.8238405 | N3: =2*(1-_xlfn.NORM.S.DIST(ABS(M3),TRUE)) -> 0.068176188 | O3: =IF(N3<0.05,"Yes","No") -> No | P3: =(D3 + 1.96^2/(2*L3) - 1.96*SQRT(D3*(1-D3)/L3 + 1.96^2/(4*L3^2)))/(1 + 1.96^2/L3) -> 0.68526286 | Q3: =(D3 + 1.96^2/(2*L3) + 1.96*SQRT(D3*(1-D3)/L3 + 1.96^2/(4*L3^2)))/(1 + 1.96^2/L3) -> 0.88533074
A4: iF | B4: APU | C4: 0.58472554 | D4: 0.1372549 | E4: 21 | F4: 153 | G4: =(D4-C4)/SQRT(C4*(1-C4)/F4) -> -11.232246 | H4: =2*(1-_xlfn.NORM.S.DIST(ABS(G4),TRUE)) -> 0 | I4: =(D4+1.96^2/(2*F4)-1.96*SQRT(D4*(1-D4)/F4+1.96^2/(4*F4^2)))/(1+1.96^2/F4) -> 0.091556251 | J4: =(D4 + 1.96^2/(2*F4) + 1.96*SQRT(D4*(1-D4)/F4 + 1.96^2/(4*F4^2)))/(1 + 1.96^2/F4) -> 0.20072335 | K4: =IF(H4<0.05,"Yes","No") -> Yes | L4: =(Params!$B$2*Params!$C$2)/(1+(Params!$C$2-1)*Params!$A$2) -> 58.846154 | M4: =(D4-C4)/SQRT(C4*(1-C4)/L4) -> -6.9659434 | N4: =2*(1-_xlfn.NORM.S.DIST(ABS(M4),TRUE)) -> 3.2620573e-12 | O4: =IF(N4<0.05,"Yes","No") -> Yes | P4: =(D4 + 1.96^2/(2*L4) - 1.96*SQRT(D4*(1-D4)/L4 + 1.96^2/(4*L4^2)))/(1 + 1.96^2/L4) -> 0.071445476 | Q4: =(D4 + 1.96^2/(2*L4) + 1.96*SQRT(D4*(1-D4)/L4 + 1.96^2/(4*L4^2)))/(1 + 1.96^2/L4) -> 0.24752346
A5: iF | B5: PU | C5: 0.18377088 | D5: 0.75163399 | E5: 115 | F5: 153 | G5: =(D5-C5)/SQRT(C5*(1-C5)/F5) -> 18.136145 | H5: =2*(1-_xlfn.NORM.S.DIST(ABS(G5),TRUE)) -> 0 | I5: =(D5+1.96^2/(2*F5)-1.96*SQRT(D5*(1-D5)/F5+1.96^2/(4*F5^2)))/(1+1.96^2/F5) -> 0.67757035 | J5: =(D5 + 1.96^2/(2*F5) + 1.96*SQRT(D5*(1-D5)/F5 + 1.96^2/(4*F5^2)))/(1 + 1.96^2/F5) -> 0.81337083 | K5: =IF(H5<0.05,"Yes","No") -> Yes | L5: =(Params!$B$2*Params!$C$2)/(1+(Params!$C$2-1)*Params!$A$2) -> 58.846154 | M5: =(D5-C5)/SQRT(C5*(1-C5)/L5) -> 11.24756 | N5: =2*(1-_xlfn.NORM.S.DIST(ABS(M5),TRUE)) -> 0 | O5: =IF(N5<0.05,"Yes","No") -> Yes | P5: =(D5 + 1.96^2/(2*L5) - 1.96*SQRT(D5*(1-D5)/L5 + 1.96^2/(4*L5^2)))/(1 + 1.96^2/L5) -> 0.6281494 | Q5: =(D5 + 1.96^2/(2*L5) + 1.96*SQRT(D5*(1-D5)/L5 + 1.96^2/(4*L5^2)))/(1 + 1.96^2/L5) -> 0.84427755
A6: iN | B6: APU | C6: 0.011695906 | D6: 0.065359477 | E6: 10 | F6: 153 | G6: =(D6-C6)/SQRT(C6*(1-C6)/F6) -> 6.1739491 | H6: =2*(1-_xlfn.NORM.S.DIST(ABS(G6),TRUE)) -> 6.660501e-10 | I6: =(D6+1.96^2/(2*F6)-1.96*SQRT(D6*(1-D6)/F6+1.96^2/(4*F6^2)))/(1+1.96^2/F6) -> 0.035885723 | J6: =(D6 + 1.96^2/(2*F6) + 1.96*SQRT(D6*(1-D6)/F6 + 1.96^2/(4*F6^2)))/(1 + 1.96^2/F6) -> 0.11612497 | K6: =IF(H6<0.05,"Yes","No") -> Yes | L6: =(Params!$B$2*Params!$C$2)/(1+(Params!$C$2-1)*Params!$A$2) -> 58.846154 | M6: =(D6-C6)/SQRT(C6*(1-C6)/L6) -> 3.8289207 | N6: =2*(1-_xlfn.NORM.S.DIST(ABS(M6),TRUE)) -> 0.00012870648 | O6: =IF(N6<0.05,"Yes","No") -> Yes | P6: =(D6 + 1.96^2/(2*L6) - 1.96*SQRT(D6*(1-D6)/L6 + 1.96^2/(4*L6^2)))/(1 + 1.96^2/L6) -> 0.025264198 | Q6: =(D6 + 1.96^2/(2*L6) + 1.96*SQRT(D6*(1-D6)/L6 + 1.96^2/(4*L6^2)))/(1 + 1.96^2/L6) -> 0.15872561
A7: iN | B7: PU | C7: 0.98245614 | D7: 0.90196078 | E7: 138 | F7: 153 | G7: =(D7-C7)/SQRT(C7*(1-C7)/F7) -> -7.5839836 | H7: =2*(1-_xlfn.NORM.S.DIST(ABS(G7),TRUE)) -> 3.3528735e-14 | I7: =(D7+1.96^2/(2*F7)-1.96*SQRT(D7*(1-D7)/F7+1.96^2/(4*F7^2)))/(1+1.96^2/F7) -> 0.84454612 | J7: =(D7 + 1.96^2/(2*F7) + 1.96*SQRT(D7*(1-D7)/F7 + 1.96^2/(4*F7^2)))/(1 + 1.96^2/F7) -> 0.93968459 | K7: =IF(H7<0.05,"Yes","No") -> Yes | L7: =(Params!$B$2*Params!$C$2)/(1+(Params!$C$2-1)*Params!$A$2) -> 58.846154 | M7: =(D7-C7)/SQRT(C7*(1-C7)/L7) -> -4.7033869 | N7: =2*(1-_xlfn.NORM.S.DIST(ABS(M7),TRUE)) -> 2.5588081e-06 | O7: =IF(N7<0.05,"Yes","No") -> Yes | P7: =(D7 + 1.96^2/(2*L7) - 1.96*SQRT(D7*(1-D7)/L7 + 1.96^2/(4*L7^2)))/(1 + 1.96^2/L7) -> 0.79970235 | Q7: =(D7 + 1.96^2/(2*L7) + 1.96*SQRT(D7*(1-D7)/L7 + 1.96^2/(4*L7^2)))/(1 + 1.96^2/L7) -> 0.95495369
A8: isM | B8: APU | C8: 0.053475936 | D8: 0.045751634 | E8: 7 | F8: 153 | G8: =(D8-C8)/SQRT(C8*(1-C8)/F8) -> -0.42467816 | H8: =2*(1-_xlfn.NORM.S.DIST(ABS(G8),TRUE)) -> 0.67107131 | I8: =(D8+1.96^2/(2*F8)-1.96*SQRT(D8*(1-D8)/F8+1.96^2/(4*F8^2)))/(1+1.96^2/F8) -> 0.022335931 | J8: =(D8 + 1.96^2/(2*F8) + 1.96*SQRT(D8*(1-D8)/F8 + 1.96^2/(4*F8^2)))/(1 + 1.96^2/F8) -> 0.091419604 | K8: =IF(H8<0.05,"Yes","No") -> No | L8: =(Params!$B$2*Params!$C$2)/(1+(Params!$C$2-1)*Params!$A$2) -> 58.846154 | M8: =(D8-C8)/SQRT(C8*(1-C8)/L8) -> -0.26337421 | N8: =2*(1-_xlfn.NORM.S.DIST(ABS(M8),TRUE)) -> 0.79226216 | O8: =IF(N8<0.05,"Yes","No") -> No | P8: =(D8 + 1.96^2/(2*L8) - 1.96*SQRT(D8*(1-D8)/L8 + 1.96^2/(4*L8^2)))/(1 + 1.96^2/L8) -> 0.014848946 | Q8: =(D8 + 1.96^2/(2*L8) + 1.96*SQRT(D8*(1-D8)/L8 + 1.96^2/(4*L8^2)))/(1 + 1.96^2/L8) -> 0.13232837
A9: isM | B9: PU | C9: 0.64705882 | D9: 0.74509804 | E9: 114 | F9: 153 | G9: =(D9-C9)/SQRT(C9*(1-C9)/F9) -> 2.5375961 | H9: =2*(1-_xlfn.NORM.S.DIST(ABS(G9),TRUE)) -> 0.011161672 | I9: =(D9+1.96^2/(2*F9)-1.96*SQRT(D9*(1-D9)/F9+1.96^2/(4*F9^2)))/(1+1.96^2/F9) -> 0.67062564 | J9: =(D9 + 1.96^2/(2*F9) + 1.96*SQRT(D9*(1-D9)/F9 + 1.96^2/(4*F9^2)))/(1 + 1.96^2/F9) -> 0.80756382 | K9: =IF(H9<0.05,"Yes","No") -> Yes | L9: =(Params!$B$2*Params!$C$2)/(1+(Params!$C$2-1)*Params!$A$2) -> 58.846154 | M9: =(D9-C9)/SQRT(C9*(1-C9)/L9) -> 1.5737503 | N9: =2*(1-_xlfn.NORM.S.DIST(ABS(M9),TRUE)) -> 0.11554519 | O9: =IF(N9<0.05,"Yes","No") -> No | P9: =(D9 + 1.96^2/(2*L9) - 1.96*SQRT(D9*(1-D9)/L9 + 1.96^2/(4*L9^2)))/(1 + 1.96^2/L9) -> 0.62115327 | Q9: =(D9 + 1.96^2/(2*L9) + 1.96*SQRT(D9*(1-D9)/L9 + 1.96^2/(4*L9^2)))/(1 + 1.96^2/L9) -> 0.83900285
A10: maN | B10: APU | C10: =1-0.000001 -> 0.999999 | D10: 0.55555556 | E10: 85 | F10: 153 | G10: =(D10-C10)/SQRT(C10*(1-C10)/F10) -> -5497.4645 | H10: =2*(1-_xlfn.NORM.S.DIST(ABS(G10),TRUE)) -> 0 | I10: =(D10+1.96^2/(2*F10)-1.96*SQRT(D10*(1-D10)/F10+1.96^2/(4*F10^2)))/(1+1.96^2/F10) -> 0.47641544 | J10: =(D10 + 1.96^2/(2*F10) + 1.96*SQRT(D10*(1-D10)/F10 + 1.96^2/(4*F10^2)))/(1 + 1.96^2/F10) -> 0.63197417 | K10: =IF(H10<0.05,"Yes","No") -> Yes | L10: =(Params!$B$2*Params!$C$2)/(1+(Params!$C$2-1)*Params!$A$2) -> 58.846154 | M10: =(D10-C10)/SQRT(C10*(1-C10)/L10) -> -3409.3828 | N10: =2*(1-_xlfn.NORM.S.DIST(ABS(M10),TRUE)) -> 0 | O10: =IF(N10<0.05,"Yes","No") -> Yes | P10: =(D10 + 1.96^2/(2*L10) - 1.96*SQRT(D10*(1-D10)/L10 + 1.96^2/(4*L10^2)))/(1 + 1.96^2/L10) -> 0.42909483 | Q10: =(D10 + 1.96^2/(2*L10) + 1.96*SQRT(D10*(1-D10)/L10 + 1.96^2/(4*L10^2)))/(1 + 1.96^2/L10) -> 0.67520722
A11: maN | B11: PU | C11: 1e-06 | D11: 0.41830065 | E11: 64 | F11: 153 | G11: =(D11-C11)/SQRT(C11*(1-C11)/F11) -> 5174.0836 | H11: =2*(1-_xlfn.NORM.S.DIST(ABS(G11),TRUE)) -> 0 | I11: =(D11+1.96^2/(2*F11)-1.96*SQRT(D11*(1-D11)/F11+1.96^2/(4*F11^2)))/(1+1.96^2/F11) -> 0.34307552 | J11: =(D11 + 1.96^2/(2*F11) + 1.96*SQRT(D11*(1-D11)/F11 + 1.96^2/(4*F11^2)))/(1 + 1.96^2/F11) -> 0.49752799 | K11: =IF(H11<0.05,"Yes","No") -> Yes | L11: =(Params!$B$2*Params!$C$2)/(1+(Params!$C$2-1)*Params!$A$2) -> 58.846154 | M11: =(D11-C11)/SQRT(C11*(1-C11)/L11) -> 3208.8304 | N11: =2*(1-_xlfn.NORM.S.DIST(ABS(M11),TRUE)) -> 0 | O11: =IF(N11<0.05,"Yes","No") -> Yes | P11: =(D11 + 1.96^2/(2*L11) - 1.96*SQRT(D11*(1-D11)/L11 + 1.96^2/(4*L11^2)))/(1 + 1.96^2/L11) -> 0.30109274 | Q11: =(D11 + 1.96^2/(2*L11) + 1.96*SQRT(D11*(1-D11)/L11 + 1.96^2/(4*L11^2)))/(1 + 1.96^2/L11) -> 0.54552189
A12: oN | B12: APU | C12: 0.65395894 | D12: 0.41830065 | E12: 64 | F12: 153 | G12: =(D12-C12)/SQRT(C12*(1-C12)/F12) -> -6.1275855 | H12: =2*(1-_xlfn.NORM.S.DIST(ABS(G12),TRUE)) -> 8.9222629e-10 | I12: =(D12+1.96^2/(2*F12)-1.96*SQRT(D12*(1-D12)/F12+1.96^2/(4*F12^2)))/(1+1.96^2/F12) -> 0.34307552 | J12: =(D12 + 1.96^2/(2*F12) + 1.96*SQRT(D12*(1-D12)/F12 + 1.96^2/(4*F12^2)))/(1 + 1.96^2/F12) -> 0.49752799 | K12: =IF(H12<0.05,"Yes","No") -> Yes | L12: =(Params!$B$2*Params!$C$2)/(1+(Params!$C$2-1)*Params!$A$2) -> 58.846154 | M12: =(D12-C12)/SQRT(C12*(1-C12)/L12) -> -3.8001672 | N12: =2*(1-_xlfn.NORM.S.DIST(ABS(M12),TRUE)) -> 0.00014459847 | O12: =IF(N12<0.05,"Yes","No") -> Yes | P12: =(D12 + 1.96^2/(2*L12) - 1.96*SQRT(D12*(1-D12)/L12 + 1.96^2/(4*L12^2)))/(1 + 1.96^2/L12) -> 0.30109274 | Q12: =(D12 + 1.96^2/(2*L12) + 1.96*SQRT(D12*(1-D12)/L12 + 1.96^2/(4*L12^2)))/(1 + 1.96^2/L12) -> 0.54552189
A13: oN | B13: PU | C13: 0.26686217 | D13: 0.52287582 | E13: 80 | F13: 153 | G13: =(D13-C13)/SQRT(C13*(1-C13)/F13) -> 7.1593321 | H13: =2*(1-_xlfn.NORM.S.DIST(ABS(G13),TRUE)) -> 8.1068485e-13 | I13: =(D13+1.96^2/(2*F13)-1.96*SQRT(D13*(1-D13)/F13+1.96^2/(4*F13^2)))/(1+1.96^2/F13) -> 0.44414344 | J13: =(D13 + 1.96^2/(2*F13) + 1.96*SQRT(D13*(1-D13)/F13 + 1.96^2/(4*F13^2)))/(1 + 1.96^2/F13) -> 0.60048757 | K13: =IF(H13<0.05,"Yes","No") -> Yes | L13: =(Params!$B$2*Params!$C$2)/(1+(Params!$C$2-1)*Params!$A$2) -> 58.846154 | M13: =(D13-C13)/SQRT(C13*(1-C13)/L13) -> 4.4400293 | N13: =2*(1-_xlfn.NORM.S.DIST(ABS(M13),TRUE)) -> 8.9946631e-06 | O13: =IF(N13<0.05,"Yes","No") -> Yes | P13: =(D13 + 1.96^2/(2*L13) - 1.96*SQRT(D13*(1-D13)/L13 + 1.96^2/(4*L13^2)))/(1 + 1.96^2/L13) -> 0.39782011 | Q13: =(D13 + 1.96^2/(2*L13) + 1.96*SQRT(D13*(1-D13)/L13 + 1.96^2/(4*L13^2)))/(1 + 1.96^2/L13) -> 0.6451278
A14: osM | B14: APU | C14: 0.46644295 | D14: 0.33333333 | E14: 51 | F14: 153 | G14: =(D14-C14)/SQRT(C14*(1-C14)/F14) -> -3.3003915 | H14: =2*(1-_xlfn.NORM.S.DIST(ABS(G14),TRUE)) -> 0.00096550039 | I14: =(D14+1.96^2/(2*F14)-1.96*SQRT(D14*(1-D14)/F14+1.96^2/(4*F14^2)))/(1+1.96^2/F14) -> 0.26352604 | J14: =(D14 + 1.96^2/(2*F14) + 1.96*SQRT(D14*(1-D14)/F14 + 1.96^2/(4*F14^2)))/(1 + 1.96^2/F14) -> 0.41130513 | K14: =IF(H14<0.05,"Yes","No") -> Yes | L14: =(Params!$B$2*Params!$C$2)/(1+(Params!$C$2-1)*Params!$A$2) -> 58.846154 | M14: =(D14-C14)/SQRT(C14*(1-C14)/L14) -> -2.0468159 | N14: =2*(1-_xlfn.NORM.S.DIST(ABS(M14),TRUE)) -> 0.040676162 | O14: =IF(N14<0.05,"Yes","No") -> Yes | P14: =(D14 + 1.96^2/(2*L14) - 1.96*SQRT(D14*(1-D14)/L14 + 1.96^2/(4*L14^2)))/(1 + 1.96^2/L14) -> 0.22640414 | Q14: =(D14 + 1.96^2/(2*L14) + 1.96*SQRT(D14*(1-D14)/L14 + 1.96^2/(4*L14^2)))/(1 + 1.96^2/L14) -> 0.46068969
A15: osM | B15: PU | C15: 0.16778523 | D15: 0.54901961 | E15: 84 | F15: 153 | G15: =(D15-C15)/SQRT(C15*(1-C15)/F15) -> 12.61953 | H15: =2*(1-_xlfn.NORM.S.DIST(ABS(G15),TRUE)) -> 0 | I15: =(D15+1.96^2/(2*F15)-1.96*SQRT(D15*(1-D15)/F15+1.96^2/(4*F15^2)))/(1+1.96^2/F15) -> 0.46993467 | J15: =(D15 + 1.96^2/(2*F15) + 1.96*SQRT(D15*(1-D15)/F15 + 1.96^2/(4*F15^2)))/(1 + 1.96^2/F15) -> 0.62570323 | K15: =IF(H15<0.05,"Yes","No") -> Yes | L15: =(Params!$B$2*Params!$C$2)/(1+(Params!$C$2-1)*Params!$A$2) -> 58.846154 | M15: =(D15-C15)/SQRT(C15*(1-C15)/L15) -> 7.8263004 | N15: =2*(1-_xlfn.NORM.S.DIST(ABS(M15),TRUE)) -> 5.1070259e-15 | O15: =IF(N15<0.05,"Yes","No") -> Yes | P15: =(D15 + 1.96^2/(2*L15) - 1.96*SQRT(D15*(1-D15)/L15 + 1.96^2/(4*L15^2)))/(1 + 1.96^2/L15) -> 0.42279976 | Q15: =(D15 + 1.96^2/(2*L15) + 1.96*SQRT(D15*(1-D15)/L15 + 1.96^2/(4*L15^2)))/(1 + 1.96^2/L15) -> 0.66923146
A16: aF | B16: APU | C16: 0.15449915 | D16: 0.17647059 | E16: 27 | F16: 17 | G16: =(D16-C16)/SQRT(C16*(1-C16)/F16) -> 0.2506472 | H16: =2*(1-_xlfn.NORM.S.DIST(ABS(G16),TRUE)) -> 0.80208689 | I16: =(D16+1.96^2/(2*F16)-1.96*SQRT(D16*(1-D16)/F16+1.96^2/(4*F16^2)))/(1+1.96^2/F16) -> 0.061910137 | J16: =(D16 + 1.96^2/(2*F16) + 1.96*SQRT(D16*(1-D16)/F16 + 1.96^2/(4*F16^2)))/(1 + 1.96^2/F16) -> 0.41029929 | K16: =IF(H16<0.05,"Yes","No") -> No | L16: =(Params!$B$2*Params!$C$2)/(1+(Params!$C$2-1)*Params!$A$2) -> 58.846154 | M16: =(D16-C16)/SQRT(C16*(1-C16)/L16) -> 0.46633438 | N16: =2*(1-_xlfn.NORM.S.DIST(ABS(M16),TRUE)) -> 0.64097617 | O16: =IF(N16<0.05,"Yes","No") -> No | P16: =(D16 + 1.96^2/(2*L16) - 1.96*SQRT(D16*(1-D16)/L16 + 1.96^2/(4*L16^2)))/(1 + 1.96^2/L16) -> 0.099865387 | Q16: =(D16 + 1.96^2/(2*L16) + 1.96*SQRT(D16*(1-D16)/L16 + 1.96^2/(4*L16^2)))/(1 + 1.96^2/L16) -> 0.29272853
A17: aF | B17: PU | C17: 0.69439728 | D17: 0.80392157 | E17: 123 | F17: 17 | G17: =(D17-C17)/SQRT(C17*(1-C17)/F17) -> 0.98028482 | H17: =2*(1-_xlfn.NORM.S.DIST(ABS(G17),TRUE)) -> 0.32694555 | I17: =(D17+1.96^2/(2*F17)-1.96*SQRT(D17*(1-D17)/F17+1.96^2/(4*F17^2)))/(1+1.96^2/F17) -> 0.56847621 | J17: =(D17 + 1.96^2/(2*F17) + 1.96*SQRT(D17*(1-D17)/F17 + 1.96^2/(4*F17^2)))/(1 + 1.96^2/F17) -> 0.92732705 | K17: =IF(H17<0.05,"Yes","No") -> No | L17: =(Params!$B$2*Params!$C$2)/(1+(Params!$C$2-1)*Params!$A$2) -> 58.846154 | M17: =(D17-C17)/SQRT(C17*(1-C17)/L17) -> 1.8238405 | N17: =2*(1-_xlfn.NORM.S.DIST(ABS(M17),TRUE)) -> 0.068176188 | O17: =IF(N17<0.05,"Yes","No") -> No | P17: =(D17 + 1.96^2/(2*L17) - 1.96*SQRT(D17*(1-D17)/L17 + 1.96^2/(4*L17^2)))/(1 + 1.96^2/L17) -> 0.68526286 | Q17: =(D17 + 1.96^2/(2*L17) + 1.96*SQRT(D17*(1-D17)/L17 + 1.96^2/(4*L17^2)))/(1 + 1.96^2/L17) -> 0.88533074
A18: iF | B18: APU | C18: 0.58472554 | D18: 0.1372549 | E18: 21 | F18: 17 | G18: =(D18-C18)/SQRT(C18*(1-C18)/F18) -> -3.7440821 | H18: =2*(1-_xlfn.NORM.S.DIST(ABS(G18),TRUE)) -> 0.00018105448 | I18: =(D18+1.96^2/(2*F18)-1.96*SQRT(D18*(1-D18)/F18+1.96^2/(4*F18^2)))/(1+1.96^2/F18) -> 0.041952478 | J18: =(D18 + 1.96^2/(2*F18) + 1.96*SQRT(D18*(1-D18)/F18 + 1.96^2/(4*F18^2)))/(1 + 1.96^2/F18) -> 0.36628233 | K18: =IF(H18<0.05,"Yes","No") -> Yes | L18: =(Params!$B$2*Params!$C$2)/(1+(Params!$C$2-1)*Params!$A$2) -> 58.846154 | M18: =(D18-C18)/SQRT(C18*(1-C18)/L18) -> -6.9659434 | N18: =2*(1-_xlfn.NORM.S.DIST(ABS(M18),TRUE)) -> 3.2620573e-12 | O18: =IF(N18<0.05,"Yes","No") -> Yes | P18: =(D18 + 1.96^2/(2*L18) - 1.96*SQRT(D18*(1-D18)/L18 + 1.96^2/(4*L18^2)))/(1 + 1.96^2/L18) -> 0.071445476 | Q18: =(D18 + 1.96^2/(2*L18) + 1.96*SQRT(D18*(1-D18)/L18 + 1.96^2/(4*L18^2)))/(1 + 1.96^2/L18) -> 0.24752346
A19: iF | B19: PU | C19: 0.18377088 | D19: 0.75163399 | E19: 115 | F19: 17 | G19: =(D19-C19)/SQRT(C19*(1-C19)/F19) -> 6.0453816 | H19: =2*(1-_xlfn.NORM.S.DIST(ABS(G19),TRUE)) -> 1.4905679e-09 | I19: =(D19+1.96^2/(2*F19)-1.96*SQRT(D19*(1-D19)/F19+1.96^2/(4*F19^2)))/(1+1.96^2/F19) -> 0.51404284 | J19: =(D19 + 1.96^2/(2*F19) + 1.96*SQRT(D19*(1-D19)/F19 + 1.96^2/(4*F19^2)))/(1 + 1.96^2/F19) -> 0.89646094 | K19: =IF(H19<0.05,"Yes","No") -> Yes | L19: =(Params!$B$2*Params!$C$2)/(1+(Params!$C$2-1)*Params!$A$2) -> 58.846154 | M19: =(D19-C19)/SQRT(C19*(1-C19)/L19) -> 11.24756 | N19: =2*(1-_xlfn.NORM.S.DIST(ABS(M19),TRUE)) -> 0 | O19: =IF(N19<0.05,"Yes","No") -> Yes | P19: =(D19 + 1.96^2/(2*L19) - 1.96*SQRT(D19*(1-D19)/L19 + 1.96^2/(4*L19^2)))/(1 + 1.96^2/L19) -> 0.6281494 | Q19: =(D19 + 1.96^2/(2*L19) + 1.96*SQRT(D19*(1-D19)/L19 + 1.96^2/(4*L19^2)))/(1 + 1.96^2/L19) -> 0.84427755
A20: iN | B20: APU | C20: 0.011695906 | D20: 0.065359477 | E20: 10 | F20: 17 | G20: =(D20-C20)/SQRT(C20*(1-C20)/F20) -> 2.057983 | H20: =2*(1-_xlfn.NORM.S.DIST(ABS(G20),TRUE)) -> 0.039591763 | I20: =(D20+1.96^2/(2*F20)-1.96*SQRT(D20*(1-D20)/F20+1.96^2/(4*F20^2)))/(1+1.96^2/F20) -> 0.0125145 | J20: =(D20 + 1.96^2/(2*F20) + 1.96*SQRT(D20*(1-D20)/F20 + 1.96^2/(4*F20^2)))/(1 + 1.96^2/F20) -> 0.27843352 | K20: =IF(H20<0.05,"Yes","No") -> Yes | L20: =(Params!$B$2*Params!$C$2)/(1+(Params!$C$2-1)*Params!$A$2) -> 58.846154 | M20: =(D20-C20)/SQRT(C20*(1-C20)/L20) -> 3.8289207 | N20: =2*(1-_xlfn.NORM.S.DIST(ABS(M20),TRUE)) -> 0.00012870648 | O20: =IF(N20<0.05,"Yes","No") -> Yes | P20: =(D20 + 1.96^2/(2*L20) - 1.96*SQRT(D20*(1-D20)/L20 + 1.96^2/(4*L20^2)))/(1 + 1.96^2/L20) -> 0.025264198 | Q20: =(D20 + 1.96^2/(2*L20) + 1.96*SQRT(D20*(1-D20)/L20 + 1.96^2/(4*L20^2)))/(1 + 1.96^2/L20) -> 0.15872561
A21: iN | B21: PU | C21: 0.98245614 | D21: 0.90196078 | E21: 138 | F21: 17 | G21: =(D21-C21)/SQRT(C21*(1-C21)/F21) -> -2.5279945 | H21: =2*(1-_xlfn.NORM.S.DIST(ABS(G21),TRUE)) -> 0.011471614 | I21: =(D21+1.96^2/(2*F21)-1.96*SQRT(D21*(1-D21)/F21+1.96^2/(4*F21^2)))/(1+1.96^2/F21) -> 0.68025979 | J21: =(D21 + 1.96^2/(2*F21) + 1.96*SQRT(D21*(1-D21)/F21 + 1.96^2/(4*F21^2)))/(1 + 1.96^2/F21) -> 0.97548001 | K21: =IF(H21<0.05,"Yes","No") -> Yes | L21: =(Params!$B$2*Params!$C$2)/(1+(Params!$C$2-1)*Params!$A$2) -> 58.846154 | M21: =(D21-C21)/SQRT(C21*(1-C21)/L21) -> -4.7033869 | N21: =2*(1-_xlfn.NORM.S.DIST(ABS(M21),TRUE)) -> 2.5588081e-06 | O21: =IF(N21<0.05,"Yes","No") -> Yes | P21: =(D21 + 1.96^2/(2*L21) - 1.96*SQRT(D21*(1-D21)/L21 + 1.96^2/(4*L21^2)))/(1 + 1.96^2/L21) -> 0.79970235 | Q21: =(D21 + 1.96^2/(2*L21) + 1.96*SQRT(D21*(1-D21)/L21 + 1.96^2/(4*L21^2)))/(1 + 1.96^2/L21) -> 0.95495369
A22: isM | B22: APU | C22: 0.053475936 | D22: 0.045751634 | E22: 7 | F22: 17 | G22: =(D22-C22)/SQRT(C22*(1-C22)/F22) -> -0.14155939 | H22: =2*(1-_xlfn.NORM.S.DIST(ABS(G22),TRUE)) -> 0.88742805 | I22: =(D22+1.96^2/(2*F22)-1.96*SQRT(D22*(1-D22)/F22+1.96^2/(4*F22^2)))/(1+1.96^2/F22) -> 0.0067702135 | J22: =(D22 + 1.96^2/(2*F22) + 1.96*SQRT(D22*(1-D22)/F22 + 1.96^2/(4*F22^2)))/(1 + 1.96^2/F22) -> 0.2521905 | K22: =IF(H22<0.05,"Yes","No") -> No | L22: =(Params!$B$2*Params!$C$2)/(1+(Params!$C$2-1)*Params!$A$2) -> 58.846154 | M22: =(D22-C22)/SQRT(C22*(1-C22)/L22) -> -0.26337421 | N22: =2*(1-_xlfn.NORM.S.DIST(ABS(M22),TRUE)) -> 0.79226216 | O22: =IF(N22<0.05,"Yes","No") -> No | P22: =(D22 + 1.96^2/(2*L22) - 1.96*SQRT(D22*(1-D22)/L22 + 1.96^2/(4*L22^2)))/(1 + 1.96^2/L22) -> 0.014848946 | Q22: =(D22 + 1.96^2/(2*L22) + 1.96*SQRT(D22*(1-D22)/L22 + 1.96^2/(4*L22^2)))/(1 + 1.96^2/L22) -> 0.13232837
A23: isM | B23: PU | C23: 0.64705882 | D23: 0.74509804 | E23: 114 | F23: 17 | G23: =(D23-C23)/SQRT(C23*(1-C23)/F23) -> 0.84586536 | H23: =2*(1-_xlfn.NORM.S.DIST(ABS(G23),TRUE)) -> 0.39762786 | I23: =(D23+1.96^2/(2*F23)-1.96*SQRT(D23*(1-D23)/F23+1.96^2/(4*F23^2)))/(1+1.96^2/F23) -> 0.50743944 | J23: =(D23 + 1.96^2/(2*F23) + 1.96*SQRT(D23*(1-D23)/F23 + 1.96^2/(4*F23^2)))/(1 + 1.96^2/F23) -> 0.89240191 | K23: =IF(H23<0.05,"Yes","No") -> No | L23: =(Params!$B$2*Params!$C$2)/(1+(Params!$C$2-1)*Params!$A$2) -> 58.846154 | M23: =(D23-C23)/SQRT(C23*(1-C23)/L23) -> 1.5737503 | N23: =2*(1-_xlfn.NORM.S.DIST(ABS(M23),TRUE)) -> 0.11554519 | O23: =IF(N23<0.05,"Yes","No") -> No | P23: =(D23 + 1.96^2/(2*L23) - 1.96*SQRT(D23*(1-D23)/L23 + 1.96^2/(4*L23^2)))/(1 + 1.96^2/L23) -> 0.62115327 | Q23: =(D23 + 1.96^2/(2*L23) + 1.96*SQRT(D23*(1-D23)/L23 + 1.96^2/(4*L23^2)))/(1 + 1.96^2/L23) -> 0.83900285
A24: maN | B24: APU | C24: =1-0.000001 -> 0.999999 | D24: 0.55555556 | E24: 85 | F24: 17 | G24: =(D24-C24)/SQRT(C24*(1-C24)/F24) -> -1832.4882 | H24: =2*(1-_xlfn.NORM.S.DIST(ABS(G24),TRUE)) -> 0 | I24: =(D24+1.96^2/(2*F24)-1.96*SQRT(D24*(1-D24)/F24+1.96^2/(4*F24^2)))/(1+1.96^2/F24) -> 0.33173427 | J24: =(D24 + 1.96^2/(2*F24) + 1.96*SQRT(D24*(1-D24)/F24 + 1.96^2/(4*F24^2)))/(1 + 1.96^2/F24) -> 0.75889643 | K24: =IF(H24<0.05,"Yes","No") -> Yes | L24: =(Params!$B$2*Params!$C$2)/(1+(Params!$C$2-1)*Params!$A$2) -> 58.846154 | M24: =(D24-C24)/SQRT(C24*(1-C24)/L24) -> -3409.3828 | N24: =2*(1-_xlfn.NORM.S.DIST(ABS(M24),TRUE)) -> 0 | O24: =IF(N24<0.05,"Yes","No") -> Yes | P24: =(D24 + 1.96^2/(2*L24) - 1.96*SQRT(D24*(1-D24)/L24 + 1.96^2/(4*L24^2)))/(1 + 1.96^2/L24) -> 0.42909483 | Q24: =(D24 + 1.96^2/(2*L24) + 1.96*SQRT(D24*(1-D24)/L24 + 1.96^2/(4*L24^2)))/(1 + 1.96^2/L24) -> 0.67520722
A25: maN | B25: PU | C25: 1e-06 | D25: 0.41830065 | E25: 64 | F25: 17 | G25: =(D25-C25)/SQRT(C25*(1-C25)/F25) -> 1724.6945 | H25: =2*(1-_xlfn.NORM.S.DIST(ABS(G25),TRUE)) -> 0 | I25: =(D25+1.96^2/(2*F25)-1.96*SQRT(D25*(1-D25)/F25+1.96^2/(4*F25^2)))/(1+1.96^2/F25) -> 0.22104545 | J25: =(D25 + 1.96^2/(2*F25) + 1.96*SQRT(D25*(1-D25)/F25 + 1.96^2/(4*F25^2)))/(1 + 1.96^2/F25) -> 0.6456741 | K25: =IF(H25<0.05,"Yes","No") -> Yes | L25: =(Params!$B$2*Params!$C$2)/(1+(Params!$C$2-1)*Params!$A$2) -> 58.846154 | M25: =(D25-C25)/SQRT(C25*(1-C25)/L25) -> 3208.8304 | N25: =2*(1-_xlfn.NORM.S.DIST(ABS(M25),TRUE)) -> 0 | O25: =IF(N25<0.05,"Yes","No") -> Yes | P25: =(D25 + 1.96^2/(2*L25) - 1.96*SQRT(D25*(1-D25)/L25 + 1.96^2/(4*L25^2)))/(1 + 1.96^2/L25) -> 0.30109274 | Q25: =(D25 + 1.96^2/(2*L25) + 1.96*SQRT(D25*(1-D25)/L25 + 1.96^2/(4*L25^2)))/(1 + 1.96^2/L25) -> 0.54552189
A26: oN | B26: APU | C26: 0.65395894 | D26: 0.41830065 | E26: 64 | F26: 17 | G26: =(D26-C26)/SQRT(C26*(1-C26)/F26) -> -2.0425285 | H26: =2*(1-_xlfn.NORM.S.DIST(ABS(G26),TRUE)) -> 0.041099134 | I26: =(D26+1.96^2/(2*F26)-1.96*SQRT(D26*(1-D26)/F26+1.96^2/(4*F26^2)))/(1+1.96^2/F26) -> 0.22104545 | J26: =(D26 + 1.96^2/(2*F26) + 1.96*SQRT(D26*(1-D26)/F26 + 1.96^2/(4*F26^2)))/(1 + 1.96^2/F26) -> 0.6456741 | K26: =IF(H26<0.05,"Yes","No") -> Yes | L26: =(Params!$B$2*Params!$C$2)/(1+(Params!$C$2-1)*Params!$A$2) -> 58.846154 | M26: =(D26-C26)/SQRT(C26*(1-C26)/L26) -> -3.8001672 | N26: =2*(1-_xlfn.NORM.S.DIST(ABS(M26),TRUE)) -> 0.00014459847 | O26: =IF(N26<0.05,"Yes","No") -> Yes | P26: =(D26 + 1.96^2/(2*L26) - 1.96*SQRT(D26*(1-D26)/L26 + 1.96^2/(4*L26^2)))/(1 + 1.96^2/L26) -> 0.30109274 | Q26: =(D26 + 1.96^2/(2*L26) + 1.96*SQRT(D26*(1-D26)/L26 + 1.96^2/(4*L26^2)))/(1 + 1.96^2/L26) -> 0.54552189
A27: oN | B27: PU | C27: 0.26686217 | D27: 0.52287582 | E27: 80 | F27: 17 | G27: =(D27-C27)/SQRT(C27*(1-C27)/F27) -> 2.386444 | H27: =2*(1-_xlfn.NORM.S.DIST(ABS(G27),TRUE)) -> 0.017012196 | I27: =(D27+1.96^2/(2*F27)-1.96*SQRT(D27*(1-D27)/F27+1.96^2/(4*F27^2)))/(1+1.96^2/F27) -> 0.30417794 | J27: =(D27 + 1.96^2/(2*F27) + 1.96*SQRT(D27*(1-D27)/F27 + 1.96^2/(4*F27^2)))/(1 + 1.96^2/F27) -> 0.73314058 | K27: =IF(H27<0.05,"Yes","No") -> Yes | L27: =(Params!$B$2*Params!$C$2)/(1+(Params!$C$2-1)*Params!$A$2) -> 58.846154 | M27: =(D27-C27)/SQRT(C27*(1-C27)/L27) -> 4.4400293 | N27: =2*(1-_xlfn.NORM.S.DIST(ABS(M27),TRUE)) -> 8.9946631e-06 | O27: =IF(N27<0.05,"Yes","No") -> Yes | P27: =(D27 + 1.96^2/(2*L27) - 1.96*SQRT(D27*(1-D27)/L27 + 1.96^2/(4*L27^2)))/(1 + 1.96^2/L27) -> 0.39782011 | Q27: =(D27 + 1.96^2/(2*L27) + 1.96*SQRT(D27*(1-D27)/L27 + 1.96^2/(4*L27^2)))/(1 + 1.96^2/L27) -> 0.6451278
A28: osM | B28: APU | C28: 0.46644295 | D28: 0.33333333 | E28: 51 | F28: 17 | G28: =(D28-C28)/SQRT(C28*(1-C28)/F28) -> -1.1001305 | H28: =2*(1-_xlfn.NORM.S.DIST(ABS(G28),TRUE)) -> 0.27127527 | I28: =(D28+1.96^2/(2*F28)-1.96*SQRT(D28*(1-D28)/F28+1.96^2/(4*F28^2)))/(1+1.96^2/F28) -> 0.15934789 | J28: =(D28 + 1.96^2/(2*F28) + 1.96*SQRT(D28*(1-D28)/F28 + 1.96^2/(4*F28^2)))/(1 + 1.96^2/F28) -> 0.56876 | K28: =IF(H28<0.05,"Yes","No") -> No | L28: =(Params!$B$2*Params!$C$2)/(1+(Params!$C$2-1)*Params!$A$2) -> 58.846154 | M28: =(D28-C28)/SQRT(C28*(1-C28)/L28) -> -2.0468159 | N28: =2*(1-_xlfn.NORM.S.DIST(ABS(M28),TRUE)) -> 0.040676162 | O28: =IF(N28<0.05,"Yes","No") -> Yes | P28: =(D28 + 1.96^2/(2*L28) - 1.96*SQRT(D28*(1-D28)/L28 + 1.96^2/(4*L28^2)))/(1 + 1.96^2/L28) -> 0.22640414 | Q28: =(D28 + 1.96^2/(2*L28) + 1.96*SQRT(D28*(1-D28)/L28 + 1.96^2/(4*L28^2)))/(1 + 1.96^2/L28) -> 0.46068969
A29: osM | B29: PU | C29: 0.16778523 | D29: 0.54901961 | E29: 84 | F29: 17 | G29: =(D29-C29)/SQRT(C29*(1-C29)/F29) -> 4.2065101 | H29: =2*(1-_xlfn.NORM.S.DIST(ABS(G29),TRUE)) -> 2.5934453e-05 | I29: =(D29+1.96^2/(2*F29)-1.96*SQRT(D29*(1-D29)/F29+1.96^2/(4*F29^2)))/(1+1.96^2/F29) -> 0.32616262 | J29: =(D29 + 1.96^2/(2*F29) + 1.96*SQRT(D29*(1-D29)/F29 + 1.96^2/(4*F29^2)))/(1 + 1.96^2/F29) -> 0.75380565 | K29: =IF(H29<0.05,"Yes","No") -> Yes | L29: =(Params!$B$2*Params!$C$2)/(1+(Params!$C$2-1)*Params!$A$2) -> 58.846154 | M29: =(D29-C29)/SQRT(C29*(1-C29)/L29) -> 7.8263004 | N29: =2*(1-_xlfn.NORM.S.DIST(ABS(M29),TRUE)) -> 5.1070259e-15 | O29: =IF(N29<0.05,"Yes","No") -> Yes | P29: =(D29 + 1.96^2/(2*L29) - 1.96*SQRT(D29*(1-D29)/L29 + 1.96^2/(4*L29^2)))/(1 + 1.96^2/L29) -> 0.42279976 | Q29: =(D29 + 1.96^2/(2*L29) + 1.96*SQRT(D29*(1-D29)/L29 + 1.96^2/(4*L29^2)))/(1 + 1.96^2/L29) -> 0.66923146

Sheet Params
A1: rho | B1: n_participants | C1: m_items
A2: 0.2 | B2: 17 | C2: 9
A5: p_value_2s | B5: p value
A6: CI_low | B6: Confidence Interval low
A7: CI_high | B7: Confidence Interval high
A8: Signif_0.05 | B8: Significance level 0.05
A9: ICC_Neff_rho | B9: ICC neff ρ
A10: ICC_Z | B10: ICC Z score
A11: ICC_p_value_2s | B11: ICC p value
A12: ICC_Signif_0.05 | B12: ICC Significance level 0.05
